{
  "regression": {
    "valid_rf": {
      "rmse": 0.5365756982942854,
      "r2": 0.3601922666666667
    },
    "valid_lr": {
      "rmse": 4.404122202184804,
      "r2": -42.10287193728251
    },
    "test_rf": {
      "rmse": 0.5632912213056405,
      "r2": 0.37478423645320225
    },
    "test_lr": {
      "rmse": 5.158931537647054,
      "r2": -51.44251154705299
    }
  },
  "ranking": {
    "RandomForest": {
      "mean_ndcg@5": 0.9694228420436055,
      "mean_mrr": 0.8666666666666666
    },
    "LinearRegression": {
      "mean_ndcg@5": 0.9482616733218681,
      "mean_mrr": 0.8
    },
    "Baseline (relevance_score)": {
      "mean_ndcg@5": 0.9598881569141419,
      "mean_mrr": 0.8891666666666665
    }
  }
}